News Hindi,Movies,Movies,Songs,Songs,political,brands,CS,CS,Engg,Engg,Schools,Schools,Schools,Sec Sch,Sec Sch,Sec Sch,Ed C,Ed C,TV Se,TV Se,Sports
co2-Il9b8i8,s8jVaK6GB3g,CYLkFD1z8DU,KEdHn9PzwOc,7wtfhZwyrcc,sXEZDctSTMM,XHTrLYShBRQ,63bT5pn5CT4,hlGoQC332VM,oCRM19RBlM0,chYLVfXH8GM,HC5ck7LO9fE,CjwA81YjmXw,XcZw01FuH18,2sgOL6jht9Q,S3KsE50zwWo,SThOd4SNco0,0m2jyvK2HYw,wTxkyI_hTvY,OUjcDeAmVk0,1gIJENPZ7ac,ZT2ilX9MC1w
S4QjnlXb3QI,UugWHcj8YrA,eOrNdBpGMv8,t7wSjy9Lv-o,TO-_3tck2tg,T_ZTVPsmDJY,SbYckRAt5os,g--1iOqHmJo,sRrkqjqTTQQ,I8FVJo94QYw,_ILFE3caANU,wU_31T_I4Hc,2MHK-wQiAho,mB5HXBb_HY8,b6VgwN3wYNE,_htjIVr9RSU,qHoUjuK4a7o,ymbCQpBd2VE,ArkNCybNTwE,h_uomfcNYks,L36gRCtPL0I,8nn-geofALs
cow94YieKFk,dIUVrlAyAKw,JAUoeqvedMo,r6SbfF9FjTg,UgKNP8GHnuk,5Y3INGNxEi0,zF6pTNSGph4,lPEyziHXq2w,hK-qUy3UfT8,JdCju7smSDc,WSctd-KdTIk,CcxtVnpzQBo,3wHGy24kuQ8,ARvQcqJ_-NY,Cm98KluOJls,s0GtQUr3KCA,AKCkLFnsDEU,f7t2vipQNvY,nxrrT0Nr8CI,nd9Y7ynNYuo,k_2KuR_kQoU,6IPnHv7ot0g
DPmH9WVVVK8,w-vpfpf0KIw,o3bhQwY0KCY,6ZqxXeFvS2E,G-YNNJIe2Vk,BL2dSztrtlc,dexkYvIch3s,O6fyiueZJek,PD_dr0Gm028,1zgoGIhA65A,2Eqe7jPv-Bw,FBjjd5XZ6fk,btXHYtwiLxg,kyLxTdsT8ws,tcgT-0y7TFA,ef0yd8bCuTM,IoHaVSl0uhc,iY7j_AzH4sg,Gl-n7Mfqcs8,iNEgwZZ_yC4,CkIuakwLq3U,Nebv9ZT2e74
HKXGomwXqH8,yqtprgjeVDc,l-XOO068DqA,bfyQ3FIkDXI,mWRsgZuwf_8,JrUOCWyTItQ,Q_EYoV1kZWk,-iZAlzg-RTw,H8Lyj2D_cWo,v4pN5ymslWc,Q9eBCONtGIo,IpCCfQyoLuw,-oSoYvgOOdo,q6RicK1FCUs,6l4w0hrDhrI,oPOB8i6LIeM,bUZRIWgkLfA,Y0XyAm0XNMQ,BK-jhbBMKCE,Ye-Igh89dQA,DMk4p1mHpxc,N6YjvpaJ4EM
9agsXL6GVsA,gxaSLCP4SNE,0pHBgkEPs-M,V0DbyBsCjLY,DXCd7Moy3to,OIgmFdmCb94,cmWM_cpYHsc,JsNhWMG7F10,b1odn8w8nhU,AW26y7DNMyc,fNsUnTEWRNY,FBsHkrhh1vk,8EOhKyugya4,IB2Ou_XVlJc,0nCPA4XcNDw,wanfWyc849s,diHNdIoQgf0,V4wL0bFxO7w,MJUxNBEqTCg,171cqyp50wQ,KKAmF3mFX7g,VBQeOnbtQ3Y
Nq2j3CT-MrA,eUF2KaPZhjY,f3mVNXbdOxo,I19Tnnb5fsY,xwADdJym_y4,AeqvCxvH_QA,VQW-ZpdAm5M,k2R-Wc2FWXI,CLDDcXV4H50,7aLjpgcJbtI,vYCgaHwIzG0,JoB0Umjlw6c,zmHqDFsXklw,jlHkDBEumP0,DI9ruhf8DZU,nSyTTB1sWb4,bwzeJc7l-_Q,bdMgxH2O5eo,m2_Wx8W3Fng,tzNPoGWzUbk,MuMKpG-3_DE,kmyo3AYGinc
_VL1xuEbjz4,HRCdjhlsNOE,qRQu4tZF1GA,g0YhUhtSQiE,2tJjplMngFE,92cGK-pwgjY,lnFG2OZ_2_I,LXbVusBA6rA,opzK3E4Xx6o,O1ym_vs2U_k,ge1VtdhRT6c,ufImH69diJg,g1SAuLhHihs,1UzSDMJRh8c,DtFnZb4bGA4,fbL2z9sCl34,dV0fpDhG8uM,Pka1isn4pG4,Rz3JeuBRA7s,uLZmiRxdup8,tiIYFojjXFw,383mNL1BffQ
4klOxwLeV40,CfXuAUnHU14,Nt9L1jCKGnE,aoVoEYIG1iA,U7-BsFAfsHQ,wrbn-yy5xcE,BZEbX62dDC0,xrYx6DyaTN4,UwFFsS33xG8,M03NIOgD9Tc,BixWN6D6WiU,fmVx1Knpwqw,Ea5NhC6tLpk,Vn4RuZ4Y2M0,ctk5vsrV8K4,JtdidhPJIu0,XUIjDJ3_w_A,FkN13u-UPtM,74M6yjuViNU,YeVOqAGDK8Y,dCs-QGEQsMo,M7Zrx5JbKAU
N6el2wWJ5QA,v_54e1Z69D0,rt-2cxAiPJk,Ta9eaSXX6h8,CevxZvSJLk8,wtch10yjKSg,k-V0RaARRQw,7wnove7K-ZQ,WuEGXlokpuQ,1h5Qxf4TCz0,8miLoVjX7qw,nXkUaXXgn2A,d1TyPayCfs4,QnknZkYJj-8,dJOT_UHLE-4,MEYE85XFslg,82u1qyHBMQ4,e0F5P6d0kcY,oH39BMAEeIs,Nra18e3GuEM,fMP-uBaqBq4,IJNg23jMFjc
hgKTh8QuR6g,kNQ63IghMKU,UGV5Q9RNFgs,wsAzZM3T3QI,vRSaVo03eDU,DgIFVfTmd3Q,z8dDN6MkU0Y,RxMFztEB6a4,Vs87qcdm8l0,8TAimywq62U,4bWEA_K3FAY,9SkR-x59N8k,1afl5figAGY,S7gMfR23bPE,qjoAnNKgSE0,Y-kW529jPEs,NyBe7Pdot9g,lzGqLPFNEz4,bNWcVeMf6So,A9UKpIuVFNU,2Wc7ShzWfTY,l9sw-ctTrg8
1LVzUpTfSew,E0AWS0O1Bjc,NJSO52hGZGs,tMlBgxOOQ1k,pRpeEdMmmQ0,vVqhgfoFaDk,Fz4uj5w2hWE,Ft2qs7tOW1k,tvY0Xv5dVuc,SIOcYTiWkaw,bp0bppeZU4k,oXZyPE5i5ro,5UVJftBOtYE,VeLA66FgNM4,tivxYNWCNVw,YKaMU9pXQp0,I2y5fc17nTA,ikLm2xJS9UM,0NZyj8OAz60,jvK8WM5tHbQ,EimboyUfCyk,wK2pChtVqfc
4om-v4Fp_cE,ly7QhOGGp4g,hebWYacbdvc,QYTQTlUqneY,ULCFj4ahkgo,n8skDxbOv9I,cHJ_otrGyWg,hI-VgEaCMyQ,tDu_KIlXaB0,pS-d3RqHkEc,en0McgDXrZA,dvbnOp6Sj74,qHE5mjPKQpo,435DdyHGBeM,0wabu_YbX1E,wL6zKrP30yw,14GguY9Rrbw,xDVqRSqUoFM,_D9HXRxgnnQ,jS1stN8QfKM,Wn_g-aRuiH0,b601XCUfZ_4
Del_kSXKYzU,LKNHVDPKy7g,IgVyroQjZbE,fQfGVzhqxsA,hTVWJsqdNyE,eFe8bJ9e_FA,b1tGtijpllg,i_LwzRVP7bg,qDc8ucAPao0,G_Lhz5RAKvw,KSXiO1GWXpM,KT4iRqwglHk,FONMfGLhCGY,_UB-KMlYdfg,pg_XpwkZS8U,0RnHIaKXd58,mS0Z-ajPG08,ifd3w9ellsQ,kHXuAm1PNIc,LJCIgPJY1Xs,COGisG8DmTA,S0Tc6d4rLFA
JdlWn3FbfD8,rFDUEHoHNQM,IAGz2bDlwqA,_okzQa6OZU8,Jm29kLeWqDA,67HsvAFuxzg,bMc45R3oGWo,HXV3zeQKqGY,ZEWDgTd35TM,NC-RWMLtejs,7fMkgPtE7B4,AwyR4LTjAD8,Wx9u2GnYdJw,jgb_g2T8JFg,WOrcURCe3ZY,xyUBy0PumEQ,vryPxaCoIIk,-nTZApb0r34,KAlUdC0iDFQ,c6BoQheL9Y8,v9gewxl6sl4,dXM_Icm1X3I
fE_7VeCAtrI,2NBo7bR5CSg,9dFEXmBfh8Q,GMJLzvJJLOY,CiM2Mgr7jpc,udOoKORXlbY,AjozVPz7D80,m8Icp_Cid5o,ilmJD8tRg-Q,3ClW9VzI7xs,mTZPaViNAUU,Me3d5NkdY3g,ZyJH_VuEXhk,dbKXgSN1NzM,WAKudMJFmXk,lPNV3Plg_bE,8SBpJWLipVk,RZKIFpGu5r0,l1T74GMH6FM,OscMPiOSBlU,2pyZefwRKfQ,nm8M7Kz5BOo
8RGUfYcnvAU,dOBbQmJMAZY,b9V3Pj47x4c,Ulg0bdKe9XY,CveANi17YfU,ISc5_x_3MWM,WOSUzAoCHDY,AJ11dV1dYqI,HOKCXJGgTYw,p6MtLaQqlQ0,ifiBIgOIzWQ,AwyR4LTjAD8,OlXN-NMwnbs,CplOUtBmfa4,AwdhJ6DIG-M,bzjROwRxC8E,I0Xe5cijNSU,cz3Y46-GIQE,cxtFOY1_E-A,7JHtgaVdItc,AZHXZqdTs8Y,1afrG6yjB_k
5sXhNsCupDo,ktpUXJlPmCE,Zi88i4CpHe4,gPpQNzQP6gE,vRauyMFnKC8,BFU9eSKO_t4,cL8KCDiDARs,6OrA81OBYpc,KzJORp8bgqs,1bHoLYTvTus,80l7Uf-aF7A,N0okKr0ogU4,Ery5pyp61m8,lW5Yd6x41cE,deQnzJleSj4,T3aX8OWutdQ,YjLe3SC4KHI,TUd9sJIQE0s,axADM3fuJ_4,4b-njON13Hc,Q0f898UUu84,OT0YiW_UPIg
JYg9qGtd05Y,UYCiuSJg3qc,BfCIPsEGAS8,XT-vUDSb-xo,Ao3XJ-UDdzI,6V8ZgaFYAag,f8IXv2aIs04,y1lPebFtM_4,Ft_xozhJLWQ,IUmGwrvT188,nq5G0Gd7MlQ,KA0-cbQFSvw,rimfVt06iIY,XEthe2BCl6E,UA62pAfH17o,TaN5SPEU6AQ,0-g-0zTnNI8,UBodWGleNXU,GY81nXYgLuY,sRmwEudnAqc,Cw_qW157XSY,iOMxBFRT6mc
JR-JJkysNPM,tnDWo_sc4Jk,7FBVT-xjnQM,gJLVTKhTnog,1tAvYhW1ZLI,GnBm3XNcci8,y0-MAKHSzz8,nifpRZhfHA0,B9CMWMyik_0,obWXOF9QaHE,ivbkKWG-C7A,u3ib_qc1iVs,ZoVkryz5CvY,P3Vjf7zusmc,46MoZO4PxYI,bu3YXZtfMZU,bTSuYMmbkWw,4syqknJ2EjM,gGHyAtJQjxE,bsLQNI0nvck,H7OXEv4DNoc,l12GQUjsgPY
b_CGOGNrpcg,5tMY5W08ISw,XtFI7SNtVpY,K04hE5X02Ys,9Ke4480MicU,UktwTmt68q4,ccqn7r9WUHI,K9gH7hBAdpo,9NFTWAZEDSg,4JqdRQ86OPU,hNHXlq8r8Ng,09OJqE0mPMo,rPtUSvPkS-g,hUlnB7zaC_0,U-xkvq4iKuE,lSPpqcjRG4E,DGwMLC89tnQ,BldqutcRuxs,EPFa00t41pA,CceI7HZfZ_o,Y56jilAzTuo,aXE9BFtsKWs
lKJz6PUNeS0,d-mJ8F0_DlE,WWWDskI46Js,a5a0xVk9mMo,jzD_yyEcp0M,Z1GnEgCcCWE,l3rh9ed9aBY,ZqfCqOpr2Ds,BkyrD0QLmMY,zzvNmYX3kfY,Ki2iC_cKj90,IKmkS0lJVIg,dR5QbQJ25rg,6oRVKbOGHVU,eAE5MxHeA2I,uHLx-F_IDOc,r-NiHoHbTE0,xAVbBfW2p-4,yvS3BUsE7Pg,3j969dBcOKI,LSDDUW5KfIg,X2zF0UsoFzU
asgbAyPzdXQ,XGJFFxhy7_0,__2bjWbetsA,-9hVZ4dOIVw,Qhxepe2gmnY,CLTFZx9tjhE,wCiaDluA06I,JstRjFioCDI,hG1e8MYaIqk,FGC_JXQYOiA,HvtXTRrAnEg,CqsnHAOPzXk,B49Z6_ifNOM,cI3s8aZ30jk,pb5JHDTFfGQ,y79cqyqYbfg,qa11rGzZnRw,wkm5HKPBYqA,4vCxqBvPR3c,RDWJAYs0wDk,h8JdD5ebJec,XyDR9lKQrC4
EIon3s-_i6I,IMj281hbyQQ,aWzlQ2N6qqg,Qwm6BSGrOq0,9_gIJY7XUAM,bo9v2NshhKY,A2iKTNd4M2o,y6m71C-e40s,k28T3RO1G1I,yv7g7kFWyaE,NwK5dPESz7w,5_z8rhDP6Sw,M10JkXKkaLw,uWsRNbiJBp8,iAwNR5n7y6s,t2oItP2vtWs,cuPlv4ANw3A,XXcHTJeT548,04FpN_7lmiE,DfVXqBmkPTQ,5-LzH87DOpw,dM41Y2QTqsg
xNk63WSw-S4,Az2NgMnVBOs,FkXlKQS5Elo,XgvAZOoT5Hw,1u8fLRX1WnU,QLJ_55mU4A0,94tGB7DR7E0,l6M6FvjUdTI,sKQtUYfEHII,SQ4VHt693w8,TMUg_jcGv3A,Fx2R6Ga2Pso,LP2JWJokc9g,omeaGo2CdTw,uMt0bgWJack,VCUtZUNLvYc,rkHhvdnCBcU,NbC-njDG5vA,Sdt-fh-GvH4,k-vFTkCNWqQ,Dhgvt8Qe11U,dJj9V5350-8
iRy-UxZdUdg,yrLTPbPHtjc,TyskcLbCkqE,Be_IPqZFdhs,LHvYrn3FAgI,CaTgN5QaN8M,WPpks_V1i7I,d2XZDhfgJxU,vLaDX3nRgok,WAX5flcpF3M,nb0iq-zJmHA,3fMZste0Y7w,bXtp2S5ho_0,cSwqR1M_0gE,eQZoAuDuFeE,dgoInI-KQdk,LXpFHSBkZdQ,qBUZ_A1LXX0,5QY84AKdNOU,_giBFJJ3-CY,8xEm0jqwy9U,14wsT0zd3Bs
uzAuuHn7lwU,QQDKekRg6B4,egmZQpaB8Is,Ilx_xJHuhAc,kffacxfA7G4,d4lRmLX1xZ0,gAOrZlKeA1s,GjwrU4hYpCE,CLE8NpJOGOI,EK8GiLUXckE,3xb7TWqsdEU,xN02oKl0yzE,9PmUvX3z9wA,i-djLcsHgIc,78gj_dfvsvg,onX0uR7lAVs,8CWcIzEYubg,OTCqi1Bw-mY,q22iLjTW0Lo,WLa_qJBshTs,bIQynL0TNJU,JYXATwJdzpA
462Xv3e76jg,tP-15bw-7og,m6wmnXi6D_w,roz9sXFkTuE,tQ0yjYUFKAE,uTBMoTvwY8o,TZR86DsBoG0,Ozy5FKAfjaw,fnGngke4g_s,reeXyi-kZ8s,yopPwGxM5lc,spXHF0B_3Uk,S4A-AohY-so,dROM-pA10mU,aJjaP_72WaQ,WxH8VXoMbjc,DKGjUZGYvS8,QhPZl3ikCOA,7E5eEsNdsKc,vhbw4gCmFOc,WnK7JolGQUo,wMWDhmDLiAs
wWm4hujIh2c,Ay0TDzpSzMI,GHxsjz0WtNY,Otk2Jbfs7nA,_qwaJrvpFuQ,q99zhArnyTM,1EdxL2I-vqk,LZGrJrldxS8,3XOM2g53bNI,WafJR8zuIQw,2EvC1v1FI2k,VB7orKAZ9BY,FDHlSggw5zM,Ezz-mvNDoaQ,KwocrffYKa0,TVWvTBXPomo,DzjJl8mrZqA,VXcp85oO_R8,1Nv4GCXtfs4,jFi0XSKlXo0,4E6ScuQI54M,CWBaIIXS3_8
INQOj-DoEHA,mbGAr00TLdo,KVnheXywIbY,GAQhlvRCN9s,medrPkW6jz4,zuyZNZXpb0E,OLK5pr1M0zk,UycL1soib04,XO-AvBcgzZE,u8WQkT8RKYI,9buUEUEw0Uk,q6CRLOVKGAU,zabOdIN6NB4,PjQZh9Kvpg8,3QjrkVRWGnM,KNBgFXM6jEQ,k9bQGrP2yS0,BfjyR5E3OGI,95vxFtaEYE0,ev0NVY8bZRs,Vv2FaWAlM80,JiD6rZZJMow
CGzseXNauOI,0eT-pX7hjs8,sJId8hiZgGs,JAIVxKw36Rg,D5ldlc6stlw,2eCKahunxJ4,W9J6fHOD12s,qEcIwkpcAIg,DlkmkeENGwg,EFLp2LrmYuY,fnBuPcIb9cY,goqAfUku2SA,oMHNlplZOvo,UOOLYhW7Ew4,Ar7qcshItsI,8KbiTLGg1AQ,kQ3NBcP_wVA,jNuAXXszrww,MCZCj2E7VNU,uu7jVRBUTFw,UqOQqr3eGwM,kj2y89i-mBY
swvxP2XoIuQ,9YhhC-3d8bY,QdBZY2fkU-0,MC_UWk9f3bM,J_gykQ0-Vzs,G-O7d-QZEqA,LdRo9EsOEq8,-WMvHofbzXA,_-yk5GwFnKM,mM_1G8_9qUI,uKMlSPEIbvE,n7cm9PKKVrc,GOGkny8qXW8,BXqTOtxqOvA,6JVQ31IZVVk,CB1rY-sfEXE,KY9CeVKAD7k,lshYbY__Eg4,p9Ut6nHPD2I,3OLSjgTZzK0,rmw712Mj4I0,D7h0W9vHixc
tgYajlnRTJE,5-WDK8p4Chg,O_A8HdCDaWM,T695zVUOUow,e9Eb95bdTzw,FNX7sQVZPQ4,JYgA1W4-JiE,QhcPGo4HuFc,VvCvrOQ9NsM,P40nLxyYApA,U-jlzRMu6uQ,QmZoocDKRy4,arhNBZe_PqQ,fLvu8r81coY,qr4phl6QEe4,OWnlCy4w21M,3jW4_jIDvcU,8ZbEImlV814,7_qgjpz3eC0,Hk8CehQkeKM,TweIusR8ucM,QERc_-rtk5Q
2Mi24VRlcwA,5V8Z3h9oVMc,ojGHE581lsM,PcpRicy3eEc,YxWlaYCA8MU,QxYjbopbvVY,NIxDVsJcaGM,VGf8lS6joJQ,vfSm89HwMoc,MagBmvZO6ao,k68QyIA7oZ8,ihLK8ibR6Dw,G18RKHddaVc,g9s7sUI8R5E,kalficSRd7Q,npvJXE-C61U,zJPe7uDQABo,Q4_wFNnQ_IE,o0DEGW_Q78U,Z_kX-xKpg_Q,JdElqhu_moU,RABIBs-Wp0Y
0xhsTzZU_Lc,QTtqax6gDig,x7Krla_UxRg,PBwrQdu_QSA,b6-JNeXxN3s,CkKwlhVBCxo,ZaetwMu_pAw,vOxhJulRbw4,DzyX_GnSnL0,9vJx6tZgVQs,Ona6QEUt-1o,54GSouMhv6w,NlAyXTUKhPg,g9s7sUI8R5E,8_0zIR1Y-5M,pP_-amHLPbk,HMSu96GREOw,mm7yHahDJ40,3BUSDQB8n_c,PTcb0a18deg,U4ecSej_0aI,wpNvbXzSeqU
oCIb_eFDi5Y,TIQ5hrfermg,dug56u8NN7g,oVSRF7e0PsE,suAR1PYFNYA,OqhML74y00Y,WCUHWSVtrDM,f-vUixm-YlQ,hP61lLZfd7U,W7z_pbgJzPQ,DLzP2eue5VE,f9uazPwJiuk,rxrOibylNAg,OROdlCyk0ic,_Dmhl21qIFw,ZIqJUAf6w_w,-yAnAdgDWZE,8jW7tuwMV9M,VStE7GiGpC4,2tS9AqTxXgY,Y_D9nT5k1rI,k_KfEj-Vlfk
6i8AgMAPdnY,3ZBGrKUaCu0,nW948Va-l10,AX6OrbgS8lI,OiC1rgCPmUQ,aHBLOkfJSYI,ypve3MTdDME,YJuRQXF2VqI,r0QxYnIxhcM,ansWipshOe8,fGDLFwsIJV8,6PXdxTyPm0U,nVBiehsEVS0,5PIXvKWWSvU,7Dfsp1blzcE,J2_ksWSvWIo,neiFMhIiVrQ,DkCBARSxnd0,DbHsYC1NpjE,miVauLYGQ08,H9I6O-FWWwc,MOcyfvnC4aU
q8pUXWcIhYQ,Qh_PDNVhXr4,Go8nTmfrQd8,Hii_qtv7BKQ,roz9sXFkTuE,KKjTKfHO3jA,x9-rYAjKWjI,tgbXCwjlcaE,fhPN1-jwl9k,OA1OJrfpP20,kAdANL4aIQ8,KEt6grqRzn4,iavTb9BaMxs,hZkAQE99yH0,jCmN1L2XjTM,CEhiRfzjDeQ,u_ZrFDnPoy8,VaaTy00ZwlI,TEYpdoCk1GA,wgHWUII0uoQ,0nHFv802tQs,aRNF9W55bHs
S4aPaCUEAyI,HEc0ZlMLYLs,sLdm8ejXoJ4,bPjaTcWHi-g,Ip6cw8gfHHI,goMuymwUlKs,7419BX3KYEk,A8ldsW7RJhY,_VF8QcbfmHQ,NKVvqQPCdv0,Nf0MNx7N0mE,J_4asdOlZ_k,Yy-CCI79kjg,orHWc8-32mk,DvSRGr5r6hM,7OqjCokIAnM,7oa8eCzNKXk,MNdTr-4Z8gE,IQCsuyMrkyM,VBgvvfyLd7s,AkfFRqKnviY,3xJbEBvkOZA
DlADu6RpCyw,IdOeMjjbpmU,Pz68t3RGeqI,hkawzpZ3904,uvHuDuTiI2o,27S7K5Sc3Vk,pLf2tyVHX6o,WX9Q7JC78lI,IAlsqwjs5yU,-WfQ-T6Sd7s,sonx0ZwJI_o,HDA1nNTQgzc,4tXO4twFv9s,q3PQX756uWU,H6lzULuHNzE,oCKfKgn0sR8,m_adRbjTfgE,HLIyy4vrgtI,Jot2rP4bWQU,6jowoNooCfc,zDoRO1jWD-A,RZkdFLW7B-8
vkxqeeKMWa0,jRixtXQS5ok,jFHdtokOHRo,DLZD47lj82o,FjFPy3N2tV4,RHpp7snEtzc,DWWnM3nCFPo,-TUTqVOGSa8,EVTnIjVjyw0,vMf1AUZhllM,bXZXdceUkHM,nCA7ZxzgbQA,D-PEwYi9xkM,bo4ZRntyGMI,P77_ysxzLr4,MfQUaFkiLCg,_RM1fWbZVos,rxnDhK3GpKE,Jx09baD6RXo,1y_NH8JsD3w,5uIgk3D2tIk,K5fFRjvm0-E
4BRRQNvhqiE,I8N5d94SJKk,lipikVebobY,Gg48H-lrZHo,tYSrY4iPX6w,QLFRGj-PPNI,_QIwBDZ9Hrc,6RW15YVTdGA,X2s9GXXhmCY,usSzFkCg7AM,SPiurRgbteg,YA13GrQTPVE,JjTavekhDvQ,UH1Wa0cQlqo,gE_DiPVl09g,0KI0ti2abUM,6Q97s4BohK4,PiJIjPp_1rQ,e0WdCGylivI,1eILW2iQPwM,TiLSkOEO6I8,-hnj58VFUYA
NFydAuqvs4o,hN-s-AzwLZo,eoS87PBHgEg,d2EyMiSAbgw,PEM0Vs8jf1w,oVJQ6qiDx3c,0LkvE0GGBTQ,7Jdq504AtBc,-l2bq1686MU,_SF3urbU9GY,ufz1j50HFr4,OlIGZ1Q_b38,ozlpWDKQrBI,N87bsKfihM4,qlNsPx12YSM,K_4TBi5A70w,NHqHQcbBw5o,PpQ4zN_rMcQ,K62dG04Hwyk,MuD8kKxcm7E,QLa0AA0MIuQ,ml1sknHyADc
ohOegTIpN8Y,Bi9kprd-q9k,ywXTHD6sLEI,CAHN1yO196M,b1aBzAE-IFY,KKjTKfHO3jA,A6S876NCZrI,puSWkVXLoQA,KmNWhbWCZNk,ePO0b7iIeMw,0vFvBasZp6w,K7rfcEed_qs,MsZtKsHNHSk,E9eVi1-e0VY,bvr2gjx6CH8,CmNdJyohnm4,ZFsYxU0DMdo,lM8LKWSaZV8,XobIob3WbOc,m-JMCH8CvCE,G41y4cjCwCA,8nn-geofALs
R2tOcvr55C8,82azpVAfzbY,uHHjRsg1oAM,4LsPGjlOEg4,97TYhtZ-0v8,tPLTiAB7LQM,5qi6rhIrCWI,jrXjnX3fGwo,qqHBtCT7_T8,iRJMsiKK5t8,7XEjqiWx1fY,cOBsUHpek28,ozlpWDKQrBI,oi8J4VOnKOs,bw2_5PNY6r0,AEDZXGlz8G0,jg-y2sb6S7g,-0e66Lr8UZE,6vBI-sfVClk,Y4pPtN0s5Bo,ebfV2J4lso4,wVbe9PdOyeI
SRFm2xBaW24,z8MBRHrzv4M,8_VVpt1hERY,_2vCYuaOKyg,kfgwqJ8m4gI,lblps0FaByA,4sKVs9_l7sI,4PZ4Aq8bRik,YtDc3N5wL3M,TRCDFpl2krg,mEBltr1MMnc,9ic3Aa7MTKA,ygsBTe071bQ,prlo7ic6rN4,-ujzNLnkjVU,0ReWij8pfrU,Ej8ucAAjhQk,wdPCsFJXEsM,6plWv-gCmQs,EiY32XFYku8,nIh_cHJp9AU,m2XuKX2VoWw
KvobyJ66ico,2ZTNc5ONivY,U1xGKa3esjw,0Iu5kQi8lns,YrzBrVCMxaU,Rbysv5srCkg,vGUpIk_UCIg,S1XeaNV4p38,vDv3iSMdYyc,1tgyNyHwmFs,5d_GWVUZfl4,kLd3x-KyxTQ,folDqBKo0sQ,9YcsKMfgxog,RFE9IszaM6Y,dRD9cm7z8s4,U0uHNbpp9CM,4vhu5ZjBV5E,8dbuqMn_-cM,gLlA2tqesLU,hNBDtBfv6wE,-0AVNtQuIGg
AWRIM55w63Y,VvN_h3meSDc,x-3Zx8G6Uew,afKjXPA5f0E,r7HVxVn844g,0Q6Y-7YuvEw,iqO4TAhZciE,I45SxMDH9ac,0lzOAW8yMTc,eT4HonVgwlI,mftvgmO9zYo,wclfqEnfUa4,AlvudUlNlRI,eiJMyrGohS8,FaYeJc1i4gg,naePIowstMU,KwsxtwGaruA,sBH9GCV4Zo4,jXeIAaZlZsk,z2VAcU8mmz4,lW0C5wHkll8,gkD00X8zOcs
7Re7F_mLpUU,nXS5r1T5sG0,fr5S6zjHzZk,ZyCazQV9hls,VuG7ge_8I2Y,Z3vQbANV7E0,TgPclBYc_1s,PFVPIGoTwmU,F5gVTCm-P14,ouXF6nbna8A,FqytyQj0N30,TAFIvimuEPk,hSsfMI9xFno,aLLivHqX7Xs,ijGuBrfL7ZI,EJjoAxFoHdA,UsMQWGHtEcE,xsnk_f0dw7g,J8BwK9UKqwE,DBc1LbPbIcE,niQb2tReuRo,em2ANEOJbWU
Tt0q4O7K7FY,eTlWcVrvies,wHLHsFisgWg,tYSrY4iPX6w,VOatcjwob0g,Enx95PtlSqw,x4eC1zLZcU4,wb_yp5mQ5Tk,GMyQRRmUSWY,H-skxR4UYBw,6zbyaYUZOhk,RDo4nr5x208,LXvxfM5uCFU,CihPkS1cavY,SiCUm1d3N-U,yS79CQ0DqxA,EPC2B5HJCGc,gN0G-GR8cHQ,4oor4zhYdPk,U-pksNiSdPA,Qms_t8HiZO4,eydADpWF1Gs
CApSRTG1wiw,UiCKTErdRTQ,n_n0jwVdbmI,3ce9bTqpGnc,Qg9LxRHLbAk,vL6CwU7NXRE,NCJBaFn_Ewc,V10w8FbUG8g,iK6XuXgXnjk,xxB17u0HsLY,yGNGg4joOLc,GhRLY5-w97M,4Q7xUxD48jg,_OyDJHXD3Y0,eQhOAHMankc,csPxIwgjuZY,ChmShQxrWOY,oXYIVJN9Ahs,bjqzRKquSho,ONyZgp4SqWo,mY9KVNmy11w,BEFFkWcVaBw
PrRGhd3RzIo,HcjXYtNnln4,yfNpEWZyFTE,eFHmphUOppA,z2GYJua09F0,vIb06odvPPg,6C4_-WvDXSw,6_oNJB89bvY,kl3SN3xndI8,o2OgE9y1QSg,ZFSQhWoais4,oEk-sJlEsRo,nh7IssE-IjM,EcPf6lv37go,ys9_M1iwiEU,3maP3YUXE94,6LyRowY6An8,gEEVELu7v1c,VULG2A0GhfE,2OgKhP2Rvkk,GgSOgGR1XjE,I5popJOR1FA
UuV3-cLBxeA,ey64sQWpTSA,robRzMRumTE,RLzC55ai0eo,kw4tT7SCmaY,KARaQ5zMpRo,MKYznvQZzLg,HWmq8-S8zPA,F1ojdxtN__4,immATtwWn9c,z1MvCscoVXg,82OCTr5OG_Y,vjkNdeTP1vY,YkipFh9xS8c,eK-WlJP8FCI,nHp5i4wWmoo,tVIiQbj-xZE,EJ3mQfUqtYA,4pIc9UBHJtk,BpysfFoK_GU,L_cCgEX3bjI,0_qTxNIQy7I
HbT_PktqGcM,iiTnZA3os3k,o0SCPxDyWHg,_grxPdD3zSE,5Eqb_-j3FDA,hcyeZBgbWMM,Wb7vYiWOeic,Fn4bLjTh1M8,VUnyktun6AA,n8EXg38buWQ,mevBuN7QdjA,-Azw-enEM-g,tuNT9d8BX-M,OoJM2Jl4FvA,wZs0BfG7DeA,7GO3BGVeFr0,YOmWw_znJMA,j5006FZblq0,_eYGqw_VDR4,_e8BFrAPedM,ILQfcDK_haY,Lm-T9HP5ZLA
_E2KNgSFSOc,xJASQOIJXsw,MJr9g-QMJ8I,EiiOYwqk3A0,9udS0mpi1L4,mTX6F8vseAc,k3L8amVFRcY,PcPBYh6Cfao,cY6YSZsCR5A,iBik9Eg9WgY,gaEHfH-WlIM,o6bINjOF8jA,E4SESlzQfa0,gplUIyd8XX0,EZu4j2yFJYk,G90HSlL0U5M,r23z3bIkqWU,thrqJJQcfqg,z9bJUPxzFOw,7gjuQUVriWA,_fcW6zBdMto,wZPnZzKJuFI
wKoC9EpC_-o,aIOcRqHOBn8,XmQ8mZFqczw,MhXCj8E9CZU,7KPyunRIjr0,Xq3-IL5MxLQ,cq1sOJs8MmM,59hbc_DnacQ,yzYGnwxAT5s,yTWAHJryh0A,fnUyzPvPnu0,ZMRfp52Lx2Q,b8vD2mBo5OQ,4uZ8SHbGpaU,_DeTZYsaag0,VScCu0hngSk,7KyggZ6SGto,HuX5YBCtmjo,mzqHlAW7jeE,XYwP-QndGG0,3Skxgj9CwwI,Hiopvy03Hlk
kfw5zhMlr2k,3cjMdwslOvA,Do7ZdUodDdw,KNAMgkibaAA,OLS1l5AO0o8,OPtI_PQ23LI,SkzNprYMYxs,7WUA9SAAEnI,xjUcaH6dCN0,JM9j0Jpxn-k,ipy4je7BaWY,xZyDNHWvYk4,3tKnC9O9R4k,9HvhnSlE_sY,ogrDdiNiZ7w,-NoWLkZiRLc,Wuy6qBnZn70,DYeDER8omDc,DIX2p7vb9co,fxz5vzN4y3c,3JnPUtcFTLY,NMfBdEV03j8
2DPnjLzgNH0,_vtslzbC75g,NjvpKGc7pEY,-bNwqXvMuB8,jLNrvmXboj8,Dl26hhXfebg,gRW49ueaJLs,-0IdZanLwZs,1qLb0B40YnA,7ESCsm7SWM8,iyQwCQtiVd8,yOLoUsHQnY8,CmYl45jjLoc,SPV6P89o090,BIfy46yGIoM,LWndfG1udWQ,-6Cv5FFu_Ds,44IwdHY0fW8,3-QbX1iDbXs,XFEfO4kOQFU,GWlnx9CVEGk,qkRUcYHJ1JI
ArDVSfcpnmM,-zM7oYbJZsA,1hra90LWOOM,Y6ayEDxLW94,6EEW-9NDM5k,gjUQAu1hNoE,t5ANH7Sie_o,Q1Trmmmx2JQ,qSeYksmwjZc,5M5gRXmbLGc,N88wcQK80MM,rR5MYmJHmLs,Wx9u2GnYdJw,qf9MsR_q4_U,JOuduuyTrt8,ywOkb1oSL9I,7AQVrsZYDuQ,JSuKfC3TVxQ,xxRE-46OCC8,QTT3BeOo7rg,msuf9UH4zeA,VxbrG42QLSk
XYhJ8UmHQ_M,hcazltGypvo,TLoCOXjIrAo,3kmUS5HlNNc,syFZfO_wfMQ,6sopyoKDRv8,wiZ0b4b1GvU,QQvCquGIssI,QWksDaGZbYc,9RpyDRQHUws,ofNuBIIAv68,M6gCwpy5XH0,3TA-55Eg8yA,HDWxihn-ci8,nt0bJ8r8KTE,T1N_KNV2m7w,U7_j0xWegFo,ofOxHydrDJA,IIqVFvKE6RY,KTm2GDrCk3o,6ANm_402Bi4,9rnJB1Z77OE
u3PXP2Nq92I,8SAow2q5mdo,bNPjFbrCWHE,Nbr_KJT0TIc,2g2WQHzC0UE,mg7785EMGUY,aqGaoZZJTAs,z81tEnDTqm0,XCPZBD9lbVo,aoVY-D1cK_E,rP4-jAVej9g,1vq6qazU12o,SPuqwup-d-c,eYSeGgXvVjw,KDyb13DSnyE,55O9jvymWOY,Mss7lTNSQqQ,Euc26dJdZ24,-zSxTJkcdAo,F6WZSA5rBTA,9RbnRKlf6Ro,Ahqurz3LIow
cuFEx-7Pth0,M73Kv_B1iTY,hLJzJsVqWsE,yneTUD1zc1Q,YxWlaYCA8MU,_zb281zIJGY,p6WXn99BUYU,Lf8WOx7Lpp4,iF1tOCEXLXY,JF4zg57Pl74,aYrzE4BVeB4,xDk9ZIN2e3I,ZQLoHVentmg,xiEEeJJPIKo,URY_5WUrtb4,jC8la61m2tY,W37m0VViQ0I,d3Z047W1uTw,e3bs0uA1NhQ,LeaKmn-JkNI,XGBJxacnW0U,CXLM08fZO5o
Yy_uK2kc2Jw,GlLKEE95Jn0,ulhRORJpuBM,AOIeoPwpe6E,XfC6xNwHi2Q,RsvbSewItmk,RNQmtrhWCzY,Ta-nCbQNY4s,52nI2IPyOu8,_AoorJvhT4s,jDfe1VjUWc0,vjzCJxykjzk,K8zVgpz9Uzk,MjI6xCs-RyM,KklxJ02TpKc,JCWK1u1df6Q,hBov6VvlVqk,XiQI8KKiq88,7wYGbV_LsX4,YQyftyM6pjI,x_kQybkSOZE,RABIBs-Wp0Y
TLa0DGi1bo4,AFwZoQUyQXw,foD42-73wdI,N_ttnwv1eaE,GgASxM_Ju_c,YgIBwPEJ780,wnEHJfvztOc,tLqo55ILM3o,TMLyKcBtHuo,2COZo5npb2g,hcgyFmKpoxA,18IM4o4lsXs,kW6l_lZggJU,lu0TxGa0tf8,iOqL1fqMOUg,lNNIjD1InAA,VlxGNhrc4a0,HpqQrIwGbp0,MJcckSfoYdI,dYmnCLIZkpg,1K7uJvcn7tg,AnC2Jsj3QaM
fUFeTutU4WQ,P27FeLJiUEs,UXtrScuC30E,Knw12dmiHn4,Oa_RSwwpPaA,qu0bJVhYSOs,5Lb0YxeI46o,rDSoMPVOYeU,xIEe0yK1VL4,ri49g3bO62c,Cfa44B2mkIs,IVoe5iPKBFM,s3uFQYsmGjM,S7wKjDt-fAY,U8TRzME11l8,odaKO4aZntU,W37m0VViQ0I,_zIqX-TfAmI,os82DjD2-MA,ANoBu74cwU8,c76Xv2X9TOU,WxNhsCo2cFg
puaX01Ur5oA,G88laOJL5Ls,RCqns11E_9M,spqGUfQygcI,qqob4D3BoZc,XSsVESb0n_k,8cUL_EkO7mU,OPURECvrqgY,dtGRmhZ6Cuo,yW0D-SfqOEQ,gnulRHNo59I,d2JbM1ySxnA,7A3QfFnLhog,jeFVTCQ1v98,hBcSitooN9A,EwMcZW9P8CQ,i0CaVzlSV1A,2fmzEH4Ibjw,glKWkmKFlMw,RHlFQ6nKPyA,9zf3h4hYBPM,141VfAViMLA
wWSlEmAruIQ,FU1ZVLMbWjA,xLTCivIB4kU,1_60BEkuJvI,haCN6Fc5Qtw,GIG9FQDxK04,qOLqWE3UGrQ,eCTx5GFXQqw,Bk1GmENOvrQ,B0f-FnM9Efc,2jE1M8LaHl0,fXS12RaCu58,ZO_cW8p0pNI,z4JUMAOnWUg,jEjxFg1YQYU,KLLM3MVhXnE,ZDgVBgyiCqI,6BbnXaT212s,nttpF8kwgd4,MACY-ekYUXs,Qxutz6UChRA,oADaM2L1YLc
spYHWw3z23E,eEdTkPbHTBo,orlUDdeoxZQ,d75-07PXeB8,mcHpAQ8WoXY,7_yFdhAyjO4,C1BRr7dXDoA,dzsPmCLpqI4,THSNf9mPsmA,9kx_hSMm4Hs,RsmgyU3D-zk,dzkM5lkeiS8,1E0faWPTvt4,AqyzVNrZ-rk,_Pc8_FvZrLM,rSlNRoNQeA8,ETVUBq9-A-w,ndwf-zMCO4A,WqGb7159h7Q,5IbSjvWoUME,GgbigOeyAy8,q-v9LsFpMpI
cMckBWdAupY,BNOoVKrr0p8,ap9GQCBS7mM,Y6ayEDxLW94,YXt0Nw8xWh0,jIdQ0GXEx6A,nfjTqh377go,Myk9gX8-CeI,V-Yipf9GuH0,19YaWQi6GNA,x-rFSgrfccY,XrFkMQPRyb4,kB-j8Bk7AFM,60CrL9laEps,cnuCUfAgYcs,IZG2CvEyI30,SlX_f36tmgE,4Bw3Yn2bv4s,pBD4B1tzgVc,0Qg76998d84,EvLYboIJbEc,ArxRy5JNhlw
JRZiJStYoYQ,caUYj9v_FgM,hROKtPqktO8,yM9T2b7_9oc,ApXoWvfEYVU,RItRcSB0oOk,VREyFAoof7w,XGnGBo-FrlA,TWCWuTfOrSo,oD_aRfwWYk0,LtMFE8Ou2lE,q8s2Ucy4bN0,USLZZmqsp7s,h5k81Ax-UBs,FTZ0i92oPbQ,GtOGurrUPmQ,ouTDPWPo0V4,iuK5F2cswzs,tyB0ztf0DNY,ON9PjLzIwfM,Ysa6F0g8dJ0,i-fbpUU2evY
aRgN59LOvC0,q6sGlr9iM5c,va_4E3TRGR8,kfgwqJ8m4gI,0-p5EbAsxUM,c42iPJR-B3U,76pYI5wgRPM,OQV8WmUdeIo,yMcZvZayJUA,hMmy2185gxM,tIeS6OKAay0,iLSzMsXcvlQ,Stc91SkjkeM,Ntdq32rNvfk,3UTLFFvHkOM,k6aJyOHTDYM,CL01li4GZxU,wUqqcrXz4bw,3WaxQMELSkw,MhwMh4nSsaY,kZ-nUJUo-kg,4em6PueFcHc
9OwI5LSnIeE,56eRAEY1t8A,jNmI6NytCSY,EdvydlHCViY,Fp8msa5uYsc,7Z-pA6RnUDs,MzFUxVTFdOI,tkvFMXe3F9c,v_No7NEGIKE,ZvIAFY_0HAA,48FL3iXOtL4,WQzYfFVBTi8,HbNlgsfFGmQ,XN2v7VdnYc8,xWgRIOHOYfo,Z07tTuE1mwk,cgthWRWDtV8,ECpzdmQO7dM,nVG7eTiD2bY,MhmfJN0ExqI,ENuR0qFbHtE,Yz4gK8wO0n0
iz1rIsyU6t8,rdU5qbwpGgY,eW15Kc_kNm8,wxJ1lmqxhFM,X6WBY3Yv5CY,lztfX4xwHMI,1CMQGwtaZTk,4jTeyIc9bVA,EvvSYeI6BaQ,H_fl_TbRkZM,TL4JcWon_94,GAlF-DGL7LI,nJDLgu99cE4,djyV_6aA4fM,PbrI13Q8n6g,rtlJoXxlSFE,iUxsaRupcoY,D4Fo41uc_7c,ekcwMsSIzVc,mKpK9e6sN6Q,9zGYCoupAq4,S0Tc6d4rLFA
qtK7wAWvjkM,6_8GS2LdbIs,dFzf-yL9FQ4,ekgrqzVM_9o,RgKAFK5djSk,Pk6LgL-y-Ww,LZfNQDNWkxU,eaclT5JyNEI,6CoX9GmDRhU,pAY-sfMs2h4,DE8xKE2SCF4,RMSVvCOpi7g,iiDHQrv9E4U,OnrhkmImroQ,g_AOLyKCMl8,x1-SibwIPM4,-Tm7e_27c7k,ZfGiRn3n9dQ,MM7fXopgyjw,0YGNiVgX1Q4,UHpK88GVX7c,FndO270QFWo
KTMzNcbOvXc,GECmXhdBhmo,cTxPiPyNrgU,2roJ8hR8Qjw,NfRkYP-h38I,EEDEDKT-RSg,OUxKDPtVUeA,03kNMY6DgmA,a2tqR2eUlek,VbS13NPizvA,48FL3iXOtL4,B8itqfu3GWc,3hMaD1uEQ54,dbhwzqZWSA0,YLSdNPy6RMw,GAtAG938AQc,IvoNne0EuOM,S0p8p64NFgE,auS1fynpnjo,eqTT34uFlTA,AcTzUGpIAoc,aYoDnafoyQo
dA7qUs3_t84,sR5AhKTUXEw,W3jTDw9adSw,DvVaW6bmggE,kJQP7kiw5Fk,yZMX4_tXzD0,3nSFDDbqaBs,KIk7JzjbOhA,2I9eR3IO6zM,nZP9PvkdwD0,cl2jBHQzOto,Z_eoFtAqQLI,9fCYyTo0Sqs,dbhwzqZWSA0,A9o0oLCULLg,3sP9kh4xtKo,wGnsiSg3d8E,IpTgz63W5p4,M3_pLsDdeuU,LkUdeDdDZUo,SKOBdM5QgNY,WQdqgrWvy6g
3MbR8c50L-g,K3mJXzzPM2c,4QnP18OPbJk,Y6ayEDxLW94,mdb8L87DU58,XdZ9W_m8iMs,VwYEWqAICqU,AsalYODTvj8,HIA0nevQqoc,fg2b1w6zICE,Kc2PRO4_m68,_93zh56xPfc,0iXP-fSCRI0,HodWVUw2lt4,CHU4qxAOhvg,VuX_UExHa0M,28ycc4wktVg,CnAtVDd4yl8,OsNklbh9gYI,IolSFu9iUBM,zoyJgsj2Kwc,uSGCAJS6qWg
VFVBJV7xNfI,WzFGNtayEpw,8YjFbMbfXaQ,_iktURk0X-A,HM-8Bucx-ag,jgSC4dd42TE,znX2MVHLV9U,hoRRu9NdrGs,wt2iN_XrNkk,PzCKPSScv6Y,6CrfXDfNy14,3ISV2H8b-Qc,nO0QErEe_ro,RuwWZYzIT2I,DVoX00uBMV0,QpGBs307qYs,rTBxzbYEOIc,TA0kLfaa99M,muncqlKJrH0,4Zhki9RifWs,x8mIW3pukr0,s8n6K1Pz8XY
1-xRSFPLIfM,OicMT180fT4,5WfTEZJnv_8,FvVXaDOuaV0,au1PyhcecWg,aMtXlJ5SJC8,rURAcFu7M7w,6Id3i8FCBh4,Ru5c6LamlYM,CuMHYrgJp4w,jFc-iY_euUA,JZ9xw_fyQR8,k7v3VXBJRlk,mEz2_43cWCY,kkTSFRl6J3s,aF6auqBCPnY,jlSOaSLc8nI,94ttu8X2uGI,KG5YFfR0j8A,DiGihzYBCE0,ANvWFnbyKQg,K5fFRjvm0-E
L9nHgGDDVjQ,1YCSsmwh2DI,Ades3pQbeh8,WRQHV3kDcyo,h9FjXlsFqzw,m1eMKhudBG8,KNCQjP1E9XI,s-mEdNDxy3Y,il20Q5tXp-A,9p75OPe-A9Y,Ihn4gXkLLpE,mOOV-fX2ok8,NOPmWxbnotM,vZqyLv5uM9o,iRsmEysrfhI,6y9PXaddPT4,P12GsL7iecc,ZmPBnqnV4OY,uRbJ1OF9aYM,mK2XAyCGJeQ,2Zeyq-yBbEo,I5popJOR1FA
5NDiYT6HqzY,MJRHqNu8nRg,VuDVx6-NZwA,P1fIdFRnfqw,WcIcVapfqXw,SgEEkqKff30,MyaURukZdBI,oXGv6ElraVU,GvtiA-mWE3U,i18S33e0QSU,ydUDtZ30_t8,31L6gDuwb68,2N99sxUABqc,ozlc_quFgJ8,D_03J9Lv1QU,k7dEo7lB7F4,HuMshikh_oE,ohwFmNSo6Bs,_BvEJ3VIDWw,j0NRGL1Zu0o,XOemTjxAj88,pQaG0ay957M
H3Xxy3cLvbY,nubc1S0YfWY,uYFtWVv5F3E,icReENFVXYY,l_9qgDefpHs,JQcVlFRdLHk,xwG-3QiC55A,KD2QAYfEDWk,o56BWcHZteQ,fUWLggdLkHk,A6rmJfFvNfQ,8ifmztjGzY0,gl0d_2WGXpw,Fn6LFLoEtmY,olJTE_zAUjk,1fPV1MViZSM,PF0q9G2g5yE,bYFUHVrOSjo,0vVofAhAYjc,PJB15qQJRys,CxqMPoOihx4,25lHUudjz4s
RrTSKvf4vyw,XDaqFyNMUqE,Qmi-Xwq-MEc,VAZxSoKb65o,kd5LJ4r-vEY,dV8WalHnuug,1w7r9tdGrKs,yurSdXxaIFo,MSXbmZk6IHI,xsKW2Min3Is,WtG3l_HriCY,zMozaSWzkfo,R8jjdNIu_u4,LDTViRWD7_I,y9nvEN-NVdU,9sCkzh3mWyk,4oH0CSTR8B8,KK33YYjxkNg,YbY8cVwWAvw,pe5P9Np3OZM,hjYqK0d3GBM,8K-x5Ooa0Do
IFh5jN9wfDU,9bkeTPjHjwA,-NMfXWY0oG8,HZsRjrYW-lk,oEbSw_XZv3M,uDRzF3qiGhk,4EVnHgvtHK0,Z6f9ckEElsU,_Jj40t3EaFc,OyVJUAkvU2o,LtlxTDOcbXI,14s2PuhDtRY,axTnhV1RkbA,VJkyh9_utfA,UdZHi0xPwU0,JiW8Gav6guM,He57lg8YUaw,v6oiBE7zKNU,DMnDM_sxVig,cE6EhjPzPUY,eOvH72Tw924,ftzw9A1EEhw
6wbWT9v2vGg,cFG6eQrN2WI,oItnaOXOikU,_P3R63mmakg,UZCt654dddg,JaOkHzG-uxM,4i-aGgUjn7s,AN5I6fFxyfs,GVIaz5Qwhgc,Ckcbx9lsKpo,5fs9rT43auU,6ZsS1NdnY00,vKL6N31hVgA,mh6ClOOk6PM,hWF0QuYyZRQ,PV2CVIfqfPg,UfrmLBtUEPs,Cv9CaC8yJ4o,R6uoSjZ2imo,QgxH2-e3MfY,PIwSuZ3r_0U,9y9ZpFIun2w
7zi7mT13qII,2gDe7gux9s4,Q7iFEbxI0g4,1W_6Ym3CrU0,50VNCymT-Cs,0JCwhxIz5sM,dUDWY49F57c,_6ZLCSPmgc8,tqqFALmruhM,mQtKSzOUVlQ,Chdfq3VjnSw,I4D-KmZ7pL0,7mOzbJJG5wc,-oZQcI5vHTI,SRjyzvx_J_4,LvDEO27plw0,8kY6gpG4izo,txheNkpvnmg,j1QDfU21iZk,L5aMnh0Jd1s,EhT13qUWdlg,ctmCjDdI6eA
uYhKMhLQoyk,7XCnibrV1SM,0pmdJofO5tI,_grxPdD3zSE,dS_wr57Zpis,e6Rvu6asdk4,DNmuJCLncQE,mabRepmXLGA,0rlq4EREAJ0,ROTz70akP3I,U_MsZQuQsqw,sbjp3WQcHEE,Homvac20eS0,dl_P7awsW0o,-b5TNMy99Ew,oOY5g4RtKPM,XTpt45J2GcU,cYD0xwFgAQ0,9uaXG62Y8Uw,9T6R_Cl9h3A,LRxmgZFn8MI,adnHi6rHv-U
tGoeL7Sck4M,9_vEunNJHBQ,eHp3MbsCbMg,3kmUS5HlNNc,roz9sXFkTuE,u7YvM2rkY9w,f5AdUZw6TO8,izAq05SBvMI,awLLsIrqw34,M_Fti8OBTKo,GO-oksBqZb8,CQRfUVrsHGA,tPOarkxW0Nw,XQIu76PtxyA,iyOLFJWRZoE,HutkdebvLZw,nyDuwrI6zi4,mr43cmagrnY,rwXVCELcrqU,oEH26gOCRHA,i6PA4r3mygc,1qr354UIxU4
2Vo2gpdWvnE,NBeU-OHfYzw,Di310WS8zLk,KNAMgkibaAA,vTJY_omGRYk,tJ9ndJ5HdOA,nn1cgu53I8Y,Dw49WkGukMs,kGnHRf-Nf5o,sxIxXkkhWBE,j6u7CmH_uAI,dgtxR7uHQSw,Pap6ZHPZSZI,CuyUGHbUmr0,TYPqax5tO_k,B9GHn27modo,wb3XrMni5LQ,793LJwO8KSs,fgEe-iPdqeI,DEaHsCqBdo4,qgcF6cRHYbc,W2nX8qj43KQ
FKxoVEs5vgg,Jf3-ltONA8A,NcKMKg5x_-Y,kN6HHzEXKFU,ubQ4g7FqSCY,8joTWTjJvLo,DcLeVxI5aTw,QwjGvzEOtKo,B2OD7-HPeSQ,vkoxtMsui94,pn9MYXIjitY,ASVl45lbIpI,kJo2Wpg5cHs,S0E4BfunrBM,zGzTPamUq4Q,FVJTKr9g2fI,CaDK0T9YstE,1F_UEiLF-kY,Lhu3MsXZy-Q,jCXCR0f_0as,EU96s14zgLk,IxI-_yS0weo
snXZ6cCXP4Q,3FYFsJwpnkg,p4cwkts6TQA,OgRoRBLZbUQ,ED0NhPFZA8E,2pLQvvhgevU,cryepGp2g4I,FA9wXZKRxVY,HErfeCTTpJ8,Np2jDio3mb8,TnH4Jt-Wyss,8wfWDhM3wro,lhs9UElPlNs,fO1CVLbuxNQ,EL9aLgw0BYg,9qmCc2zUUrY,QZNK-Xjp4pU,y3G1xe4x9O0,Xb4slcp1U38,Si_Ar3CjBZw,OW1VPGmSIdk,fRMLN-tAHEg
6J92ATs4hg4,aVOucwWieEM,jHkfTOtXsyE,MhwjH9FDjOc,I-QfPUz1es8,JiEpb-_gReg,EfzsLmgufis,ST2fXU_XxGU,UU19M0VZLqM,mcJ-gb5Zj5c,bvY3LzTDqMk,s9N1-_xGvJY,K8cTcNF0Dkg,Uvj7QXRKfss,_UzQ60cmWnM,WvOOYCQJzk0,xT8zjuodYRk,a1dH8nqFnpA,LBVsXSMOIk4,tZwfX5BSmqA,D83MdEeYe6g,YVk9HBtgyxQ
pgdAj2EE1n4,CPOx1v_XkWo,a8Gx8wiNbs8,3ce9bTqpGnc,gOsM-DYAEhY,J7OqyL8DrOI,qq5XvMc--2k,Wmh1ACpkhjQ,4oQBM94-jGs,gi5UlTYzMi8,LYDBQr1m8Mk,OPs9ELmm5nk,TSNa_DfkS-g,JHTe6-MoUZw,YoiPlcNeUno,OIlAkXGH_nE,omIMLqowFF4,ePSptLlW2W0,-DtNInqFUXs,ooEAOl4LjwQ,IDpfl2aGruE,G5cLPJM0gWs
BKnyQ-jsU2g,UREa3lbLJ8k,sV91xFKGHt8,rqPF5S6cxwA,fKopy74weus,nPqac2XZI7k,T0uGpzSxtTw,ikSbPwwjpKw,uLrU2siGHFE,U2nGVHKigNg,vvBkCJtw1rI,MGxSoWumeu4,S0NyaRWxxuA,4zxdscZZUE8,eUFs_CyIW7I,FU7lgi8FE0E,Moz5O2IElk4,m6q_3BZZEbU,QfbOhn0WZ88,Ux9J2CRVONQ,BaUkuszb7dg,rT8B654KEZ4
DAEFi82PwqM,D67lp4UyA5Q,Dwp85SvFLDQ,7arvPUZ6Xy0,vOXZkm9p_zY,ORjwXdnbjrY,38-icDZoj3g,LDHYwgJNP8k,rB7GCxkLKnY,BhPKqhp_OdM,IN2KY5Ke79Y,n1mVNiem9xE,xeqxEONQDxk,8YOX9YahRFA,HawTgCDqOME,3SjPomZIUbo,vGTuRw1sxMc,scQaHcTsLhI,ysytSSXpAI0,X7inyKCMaQc,OzDA3GylmmI,oSqk0plT4gU
OZG_sodfiDQ,nu6Gv-RU_eM,qlHk6lYYkWE,gPpQNzQP6gE,mNEUkkoUoIA,YMSrGnm3Tjc,UMOQATnP8p8,qUEbxTkPIWI,gP09GMjZ6q4,XorYn_oYRv0,9JiZniMAnt0,GTxSQLqkhiI,NcnFp3gh_u8,4mfrzkeHYbI,_YBy6DVcJkE,8m24BfYruHY,qyWsUGO7VBg,NujTh9ZozXk,0PSB9y8ehbk,09j9fjQ-jUY,OOy4iEtWMO4,7bZLCN05eHY
6tCB8AJwBis,zO9bbmnZN1U,b_ld2_urAr0,eHSm5dAJbqg,Te3_VlimRw0,Kg6iKzXbCAE,uTW7FevdGnU,ZqTQoFIfpr4,dk0JPef_crE,Q2z3YQbbuWs,yE58JznEXT0,as1jXVVDUKo,Kga4KUerm3o,kC-zI5CzSUc,SU-m09vLG3Q,mHf8affzKFA,cnzg3FPp7uo,CL5Gp1P_e4E,-JTq1BFBwmo,_w5ryZ-pFOE,KMy2ZiltCO8,3okEIXnXf3U
jzXiFm9BXg8,m0CYraGDqw0,NFiNbe7dRYI,FQ4RkswRo0w,pAGzWLnRdDo,cUx5CyyhrPw,A1Afbrd5Lic,Q3njsrmrN9c,lSWurFKyiKk,xf5QDHjd55U,e2Savvr_Za8,1AQeBCnoYqQ,Z0Mo0JG-XdA,wCI-7vW8d5k,T3Nc-vZqRtU,n_1p02TJk5o,9lpX6AF9Zvo,nXtFrAtbzPc,xGYsEqe9Vl0,hMHzy5fLCcU,NgOKiSPp8Zo,Ptk0N8rfu54
D2xDetjtnj0,crAbfsVgLvY,nCSx2BWGBNM,NiX3QXmrjuM,Nym5stAJAt8,kf6VxPc5m60,SpwWYXHH3LU,6RKA9ClqWcM,NUv5cuVAQXg,fAp2vjJ1k_8,689t3mWiPy0,AFDKZiiYSJw,tLpDFCbGLW4,W1pUFDEcI1Q,3NtVCKX9u2g,IphCXBBdwdo,tlLMy_A_Ub8,818Zb-kUf8o,lj3E24nnPjI,0xlEchIeE7w,HpUR7-Oe1ss,8jRCttACnBY
hw-vXtdEd2o,DZ1HCPqhwck,ptePqiZ5A58,TxrVg6yONo4,ztROkFCJSeE,4oSPHA3tu54,ndbsc2df7Vg,ZlJZjQq9Bmg,raYZWVTlzRQ,HdmmYCTtjXY,Jd3gLOTJ9fw,MZfGjOBZ6S4,U1THXNIRw3E,ZG5TV8NIYU4,8GV4CPiu7m8,E9IHejI_iBM,db_zSMV3y_s,vQYwV_020rM,JvcqtZk2mng,sU8dkZIEMVc,RADCBcHJO_k,HOcdQrsHKLU
